,Activity
57,6
4154,2
6945,2
527,5
4196,5
5987,1
565,4
4397,5
7351,2
640,3
6298,4
6757,3
730,4
4617,6
7005,4
2948,6
325,2
5354,6
290,1
5658,2
2344,3
2476,1
5682,5
4852,3
2943,6
3932,3
6200,3
6685,6
5500,5
2266,4
864,5
2921,4
6223,2
1544,6
5476,5
2465,6
4322,1
371,5
2264,4
2954,6
2002,1
6447,2
5799,1
3011,3
4526,3
5339,6
5653,2
7195,5
2876,5
911,6
6661,4
6048,2
5412,1
3482,4
2115,6
4091,6
5688,5
2287,6
1423,1
122,1
479,3
4001,5
4640,1
293,1
1694,1
5994,1
940,1
4235,4
6099,4
439,1
1379,6
847,5
3002,3
2644,1
6045,2
1443,3
4706,5
1477,5
1173,5
6359,6
5027,3
2404,5
5850,3
4837,2
2795,6
6919,1
279,1
6482,5
4999,1
2664,3
4817,1
7076,1
6351,6
4237,4
4938,4
6580,3
1101,1
3023,2
1632,5
2166,1
4128,3
5769,6
2829,3
577,4
59,6
6674,4
787,1
4141,3
5501,5
1941,4
4353,2
5103,4
4357,2
5835,2
1345,4
6110,4
1183,4
5245,2
6747,1
3622,5
2977,1
6469,5
6084,5
6237,2
184,5
1872,3
1839,6
3346,6
420,6
5133,4
553,4
1397,1
6574,1
3382,3
6622,2
5461,2
1782,5
443,1
5432,3
1741,2
4527,2
4149,2
693,5
1862,1
1790,4
2955,6
181,5
4934,4
794,1
5912,4
2669,3
4899,5
3765,2
2208,2
5018,3
3263,5
3688,6
2392,5
5489,5
530,5
5689,5
5888,5
710,5
3781,3
1665,4
558,4
6189,1
5503,5
1371,6
6129,6
6922,3
907,6
5050,2
1433,3
1978,6
6234,2
7006,4
5957,6
5464,2
6778,2
3142,6
4125,1
926,1
6047,2
1919,5
4535,5
15,5
6650,5
315,2
2666,3
6826,5
1161,5
2288,6
4475,1
5007,1
7303,3
1362,4
2034,2
1212,6
3717,6
2521,2
4625,6
5707,5
6109,4
5344,6
1170,5
3395,2
3328,6
2312,1
4536,5
2859,2
5520,4
1323,5
5436,3
5310,4
4384,5
2755,4
3320,6
5823,3
7010,4
387,4
4684,2
1032,4
6633,5
6446,2
6131,6
6433,2
6918,1
3126,4
6888,6
1010,5
6343,6
931,1
5643,3
691,5
533,5
2651,1
6412,2
4087,6
652,3
33,4
2119,6
44,4
4709,5
2523,2
964,3
5935,4
5259,2
6481,5
2470,1
5758,6
4552,5
3408,2
4046,4
1683,6
5474,2
2526,2
3150,6
26,5
4383,5
63,6
1044,4
4332,3
3458,5
4335,3
1454,2
227,4
2578,4
3370,1
4755,4
4593,4
3487,4
1203,4
4515,2
969,2
4813,1
2112,6
2439,4
4401,5
2487,1
5400,1
5206,3
5242,2
3505,6
2298,6
6364,6
3360,1
5728,4
1891,2
2417,4
252,1
4660,3
5444,3
1578,3
6851,4
5563,6
3613,5
3082,5
6091,5
4631,6
5026,3
2173,3
5410,1
4398,5
6266,5
5552,4
641,3
5019,3
6362,6
2941,6
4508,2
297,3
303,2
2579,4
3757,3
5366,6
5983,1
2225,5
3125,4
655,3
7170,5
4897,5
4991,1
4763,4
6127,4
240,6
783,1
1354,4
1018,5
4764,4
977,2
809,3
6524,6
5842,2
257,1
1599,2
893,4
5380,1
1744,2
7189,5
3806,5
7260,6
5628,3
5952,6
1620,2
2405,5
3922,1
6994,5
1801,4
6383,1
2328,1
3755,3
7214,4
1357,4
1835,6
6323,4
2458,6
2080,5
2706,5
3256,5
2226,5
1513,4
2689,2
2572,4
4847,3
2770,6
367,5
6593,3
3519,6
4376,5
4294,6
29,4
4291,6
3651,4
2178,3
2908,4
1092,1
7330,2
124,1
3666,4
6480,5
7231,6
4486,1
5187,1
2698,2
7154,3
1553,1
3504,6
3098,4
598,6
75,6
1339,5
1416,1
3121,4
4461,6
5862,2
6635,5
5507,5
3095,4
149,3
3282,4
1557,1
6154,6
453,1
4326,1
3044,2
415,6
2318,1
808,3
5852,3
3671,4
958,3
4290,6
1119,3
6325,4
810,3
4336,3
1129,3
834,2
5958,6
5652,2
7029,6
2189,3
1235,6
1225,6
4794,6
5527,4
4772,6
7291,1
2484,1
4553,5
4489,1
2481,1
2029,3
5154,6
4019,4
1027,4
5318,4
2406,5
1657,4
349,5
452,1
662,3
172,2
1405,1
4874,2
4450,6
4756,4
422,6
4698,5
6171,1
1220,6
881,4
3185,1
1253,1
5081,5
7030,6
2431,4
4317,1
6853,4
6053,5
102,1
3473,4
4502,3
6973,5
2615,6
3033,2
2676,3
1580,3
3933,3
5224,3
3443,5
7219,4
2229,5
5634,3
135,3
2758,4
4144,2
1310,2
6615,2
6088,5
5488,5
3954,3
2586,4
3886,6
3653,4
5771,6
1935,4
5839,2
3862,6
4638,1
807,3
1859,1
4024,4
462,1
879,4
1956,6
6795,2
7020,4
5532,4
3038,2
2881,5
799,3
354,5
2966,6
1073,6
6886,6
7065,6
144,3
380,4
1340,5
2622,6
2662,3
7283,1
4557,5
121,1
2513,3
4819,1
4105,1
4366,2
2407,5
2522,2
1360,4
418,6
4667,3
7087,1
1514,4
4382,5
6831,5
6151,6
4601,6
555,4
2582,4
7233,6
2897,5
1485,5
6341,6
1272,3
6890,6
1411,1
4996,1
6717,6
1471,2
2473,1
6703,6
5192,1
7032,6
6211,3
4284,6
3813,5
6695,6
5485,5
2580,4
6519,6
1840,6
6904,1
981,2
1732,3
6375,1
4782,6
3733,1
6486,5
1268,3
414,6
6869,6
268,1
6550,6
5606,1
6389,1
654,3
2083,5
5291,5
5371,6
3034,2
2550,5
3882,6
773,1
6643,5
589,6
3181,1
5766,6
3684,6
5132,4
3574,2
4051,4
4355,2
3641,5
6330,6
2517,2
7115,3
677,2
2996,1
4935,4
2845,3
3880,6
5537,4
6376,1
3340,6
3543,1
5824,3
6927,3
4534,5
1611,2
3948,2
6398,1
7313,3
4840,2
2245,5
5692,5
605,6
6911,1
3319,6
1468,2
5406,1
3231,2
6262,5
3076,5
3483,4
3196,3
3753,3
7285,1
2077,5
6961,2
2388,5
3000,3
3469,4
584,6
5086,5
2299,6
3693,6
5687,5
4686,2
3973,5
3437,5
3946,2
2499,3
7081,1
5168,6
344,3
4292,6
6972,5
6896,1
3333,6
5686,5
3467,4
6414,2
90,1
3197,3
4410,4
4546,5
2836,3
2117,6
3682,4
5577,6
4204,5
2571,4
947,3
2623,6
2697,2
5768,6
4248,4
4254,4
2436,4
2718,5
6740,1
5414,1
4902,5
4379,5
5246,2
5253,2
6332,6
6114,4
2781,6
5251,2
7024,4
6213,3
5923,4
3499,6
4313,1
1186,4
3601,3
7235,6
5586,6
7190,5
151,2
915,6
1305,2
3780,3
5265,2
4319,1
5669,2
1398,1
183,5
2927,4
5613,1
5861,2
471,3
967,3
209,4
1961,6
896,6
6849,4
2191,3
5455,2
1773,5
3621,5
1209,6
3787,2
4189,5
3977,5
3909,1
3298,4
4608,6
4827,1
4423,4
292,1
2540,2
6534,6
5458,2
272,1
2042,2
5889,5
2251,4
5814,1
4610,6
1086,1
4778,6
2705,5
5573,6
5255,2
4099,6
3007,3
6021,3
4945,6
2835,3
4578,4
3027,2
3407,2
613,1
3208,3
3815,5
2865,2
4098,6
4958,6
1748,2
6630,5
2227,5
2673,3
3071,5
2154,1
1344,4
7109,3
5513,4
3433,5
952,3
2316,1
1504,4
6547,6
7311,3
2614,6
1121,3
4148,2
5626,3
5426,3
3857,4
4302,6
416,6
4343,3
564,4
1224,6
142,3
1490,5
5681,5
5693,5
2004,1
1194,4
6143,6
1756,2
497,2
4568,4
7186,5
6590,3
721,4
6239,2
6900,1
1496,5
2574,4
1520,4
4687,2
3195,3
4866,3
7067,1
5922,4
108,1
1754,2
7151,3
1351,4
4147,2
6379,1
6914,1
1973,6
336,3
5164,6
3734,1
2820,1
4507,2
724,4
765,6
3277,5
4129,3
307,2
1278,3
6498,4
4614,6
5720,4
7128,2
6664,4
1791,4
3554,1
6120,4
5167,6
2053,2
2663,3
2620,6
71,6
6163,6
2464,6
4247,4
1260,1
1666,4
2618,6
3413,3
7022,4
6134,6
2167,1
7001,4
1695,1
1095,1
5525,4
4745,4
4015,4
1630,5
6870,6
1881,3
3816,5
6576,1
1612,2
978,2
3620,5
5216,3
7213,4
848,5
4581,4
2271,4
3349,1
1830,6
2354,3
47,4
3616,5
1350,4
2617,6
446,1
4025,4
1743,2
844,2
3297,4
4101,1
678,2
2887,5
4960,6
1294,2
5477,5
3252,5
7045,6
6868,6
5250,2
4391,5
1112,3
776,1
7329,2
3770,2
2228,5
2153,1
4994,1
6737,1
6701,6
1366,4
4215,5
1851,1
1963,6
4885,5
4404,4
4240,4
3288,4
485,3
2239,5
2879,5
5091,5
5632,3
30,4
1879,3
2778,6
3312,4
2885,5
4740,4
5021,3
3611,5
636,1
4664,3
3316,6
1083,1
861,5
3409,2
903,6
3114,4
109,1
7072,1
4108,1
3915,1
3994,5
6174,1
3904,1
5388,1
1831,6
7318,3
782,1
7176,5
4058,6
5001,1
2412,4
3131,6
1825,6
1094,1
5151,6
3879,6
6986,5
4463,6
2826,3
2445,6
1654,4
6017,3
2323,1
2413,4
5627,3
2570,4
4160,3
7123,2
3535,1
4588,4
2917,4
178,5
7192,5
3194,3
5148,6
1204,4
2202,2
2900,5
6460,5
5664,2
2860,2
7312,3
1770,5
829,2
3803,5
2692,2
627,1
5805,1
5623,3
925,1
295,1
1052,6
2732,4
3907,1
2447,6
944,1
5846,2
6096,4
12,5
1117,3
7058,6
2997,1
2653,1
6072,5
1319,5
779,1
7183,5
6725,1
5816,3
3184,1
6030,2
653,3
2722,5
3856,4
6204,3
5859,2
7168,5
6302,4
5601,1
2647,1
5351,6
2542,2
5102,5
570,4
1448,3
7071,1
3424,2
4118,1
1745,2
4074,6
5112,4
287,1
1738,2
4602,6
6492,4
3625,5
4550,5
4386,5
6728,1
4947,6
1684,6
4787,6
1338,5
5629,3
6089,5
4092,6
4103,1
2258,4
4251,4
4454,6
3341,6
6965,2
3989,5
1564,1
5609,1
4012,4
2678,3
2185,3
3274,5
1231,6
6314,4
1258,1
2254,4
1951,6
6832,5
113,1
6240,2
2509,3
5375,6
7296,3
507,2
3887,6
5897,5
4998,1
5481,5
3434,5
4959,6
4295,6
6916,1
350,5
6406,3
7247,6
4113,1
2505,3
3859,4
1114,3
5631,3
298,3
3710,6
5832,2
5970,6
5599,1
5998,1
3058,5
3107,4
229,4
4022,4
4479,1
5096,5
3532,1
4908,5
2103,4
5780,6
7074,1
2799,6
4907,5
1614,2
607,6
3258,5
1093,1
6160,6
7222,4
6980,5
203,4
2387,5
5125,4
4842,2
837,2
4414,4
7293,1
1230,6
5576,6
1609,2
6465,5
4328,1
6984,5
5243,2
5640,3
5953,6
4940,4
3159,6
5747,6
4511,2
6686,6
657,3
790,1
5114,4
4462,6
6061,5
2561,5
1359,4
6113,4
2347,3
6649,5
2760,4
5389,1
7339,2
6425,3
2970,6
5574,6
2575,4
6608,2
6981,5
6386,1
7211,4
1780,5
2868,2
803,3
857,5
4194,5
4865,3
3658,4
5184,1
219,6
1288,3
582,6
43,4
1234,6
4038,4
5269,2
7113,3
1892,2
6520,6
6438,2
6337,6
6077,5
1071,6
718,4
2364,2
1505,4
670,2
4228,4
5379,1
5880,5
6768,3
897,6
5916,4
3103,4
1530,6
2926,4
6149,6
6146,6
3404,2
3080,5
3182,1
6032,2
5603,1
1874,3
2370,2
1769,5
5338,4
3248,5
1983,1
531,5
6536,6
6611,2
3475,4
3891,6
3303,4
2163,1
731,4
2339,3
5340,6
2232,5
6931,3
4649,1
4224,4
2771,6
4828,3
4420,4
1255,1
2104,4
3935,3
3985,5
898,6
428,6
5078,5
3078,5
5752,6
6871,6
1222,6
3796,5
5270,2
3898,6
3542,1
5546,4
1621,2
6567,1
3479,4
4467,6
1096,1
2072,5
6642,5
4808,1
2753,4
6203,3
2588,4
1788,5
5325,4
3337,6
528,5
3438,5
192,5
6991,5
1126,3
2944,6
3721,6
3605,5
304,2
3014,3
1292,2
70,6
3017,3
4195,5
2687,2
2864,2
831,2
4871,3
1456,2
3392,2
7184,5
238,6
92,1
2942,6
3819,5
3315,6
3997,5
5309,4
3795,5
4620,6
1001,5
6052,5
7047,6
2377,2
4112,1
3045,2
2789,6
1532,6
2410,5
5509,5
411,6
3049,2
7054,6
6791,2
5872,5
4048,4
6458,5
5010,1
6708,6
5598,1
2886,5
633,1
498,2
2463,6
7129,2
637,3
720,4
288,1
757,6
6948,2
5079,5
7258,6
4359,3
4405,4
3773,2
596,6
6898,1
1068,6
1942,4
1647,4
6951,2
4832,3
2700,2
1700,1
5894,5
6803,5
5597,1
6250,5
5706,5
2123,6
4647,1
86,1
2308,1
2677,3
4955,6
5617,1
2594,4
6318,4
1029,4
6797,2
5282,5
2144,1
4606,6
1200,4
2025,3
621,1
6687,6
566,4
4054,4
1837,6
1334,5
6421,3
6993,5
2099,4
3238,5
5439,3
3849,4
1688,6
745,6
5023,3
3870,6
2187,3
195,5
1152,2
2902,5
4844,2
802,3
4504,3
2350,3
3956,3
6657,4
4753,4
2068,5
3025,2
5673,5
644,3
6501,4
5505,5
2929,4
5119,4
120,1
1777,5
3761,3
5905,4
2135,6
3578,2
4482,1
134,3
6495,4
3885,6
5668,2
5317,4
2559,5
62,6
5821,3
6404,3
3820,5
5413,1
2467,1
679,2
7344,2
741,6
1211,6
2170,3
4050,4
5022,3
4886,5
567,4
1873,3
4836,3
2596,4
1717,3
2843,3
1392,6
5517,4
4604,6
6719,6
5384,1
489,2
493,2
690,5
6123,4
602,6
1911,5
5674,5
3378,1
5321,4
6058,5
5194,1
6020,3
2366,2
1187,4
274,1
4163,3
4233,4
1361,4
7300,3
1526,6
3626,5
3307,4
7246,6
6252,5
4734,4
6912,1
1337,5
945,1
6073,5
2250,4
5783,6
4767,6
6531,6
2346,3
68,6
5378,6
5219,3
5138,6
1598,2
7091,1
4728,4
4766,6
1503,4
6691,6
150,2
2804,1
4031,4
2086,4
6702,6
2259,4
5940,6
3286,4
5663,2
7230,6
859,5
2957,6
4395,5
5671,2
3497,6
366,5
1432,3
5146,6
1779,5
5294,5
3567,3
1818,6
4693,2
841,2
2704,5
1189,4
175,2
6783,2
617,1
2093,4
3235,2
82,1
4081,6
1030,4
3892,6
300,3
4080,6
1472,2
283,1
2028,3
3824,5
4564,5
5828,3
3558,3
1813,6
1271,3
5014,3
4560,5
4652,1
4003,5
2313,1
2008,1
6292,4
2642,1
4825,1
7156,3
2305,1
3767,2
6731,1
99,1
4305,1
744,6
6801,5
480,3
4861,2
7137,2
5185,1
1157,5
6162,6
4747,4
1437,3
2414,4
4296,6
402,4
2195,2
949,3
4338,3
2067,5
3541,1
5141,6
668,2
218,6
1962,6
6968,2
3858,4
2213,2
2633,1
1659,4
3139,6
4922,4
4868,3
2145,1
777,1
2434,4
5267,2
7000,4
6112,4
1491,5
6453,5
3715,6
3047,2
7138,2
4252,4
517,2
3332,6
3551,1
4151,2
5036,3
7155,3
3656,4
4076,6
568,4
360,5
6029,2
6336,6
6403,3
4039,4
3309,4
759,6
3941,2
6909,1
5965,6
4967,6
214,6
3207,3
5327,4
3127,4
4456,6
4140,3
6932,3
1473,2
2244,5
725,4
3836,4
49,4
5755,6
887,4
6435,2
2893,5
5071,5
6641,5
516,2
2949,6
6007,3
139,3
6549,6
4180,5
4371,2
3832,4
463,1
6416,3
1233,6
594,6
4457,6
450,1
4122,1
3520,6
3872,6
312,2
5064,2
5407,1
4949,6
451,1
5936,4
890,4
2763,6
658,3
1506,4
5469,2
6879,6
999,5
389,4
2330,1
1476,5
2240,5
6610,2
6620,2
6504,4
6071,5
6201,3
2972,6
2775,6
1923,5
758,6
700,5
6437,2
1293,2
6485,5
2873,5
6150,6
6391,1
1907,5
5062,2
5101,5
368,5
1937,4
1151,2
7052,6
5430,3
7346,2
3010,3
7232,6
191,5
4678,2
6013,3
174,2
1903,2
1099,1
4872,2
7301,3
2292,6
6841,4
7148,3
4880,5
6726,1
1164,5
4121,1
6405,3
4441,6
5471,2
5198,1
1661,4
508,2
166,2
3544,1
5054,2
3454,5
5466,2
4956,6
103,1
3689,6
6979,5
3442,5
1104,1
4522,3
1752,2
6566,1
6682,4
3172,1
2916,4
4845,2
1658,4
152,2
6706,6
2483,1
1583,3
6185,1
2552,5
3742,1
4173,2
5551,4
5678,5
3217,2
6423,3
2209,2
4059,6
6333,6
2985,1
1822,6
6952,2
6212,3
5046,2
7306,3
309,2
212,4
3720,6
4411,4
3949,2
6780,2
495,2
205,4
1434,3
1135,2
2584,4
868,5
2749,4
305,2
1849,1
4060,6
1988,1
2798,6
4162,3
1534,6
3109,4
843,2
1987,1
7326,2
4939,4
4597,6
383,4
1538,6
211,4
5900,5
1957,6
5473,2
2438,4
2727,5
5377,6
5593,1
1349,4
4791,6
5033,3
6255,5
680,2
180,5
6998,4
3399,3
6792,2
5491,5
278,1
3250,5
6535,6
2480,1
289,1
3075,5
5672,5
5519,4
993,5
2236,5
3979,5
39,4
5186,1
2754,4
5891,5
5451,2
270,1
7031,6
2883,5
6006,3
5284,5
4715,5
5709,4
111,1
3218,2
1391,6
2600,6
220,6
3995,5
7340,2
4829,3
4478,1
83,1
873,5
6812,5
4594,4
461,1
6466,5
551,5
3918,1
2374,2
6180,1
2246,5
6920,1
4288,6
2450,6
2329,1
6167,1
2146,1
4253,4
4104,1
6490,4
650,3
708,5
6285,5
3792,2
3686,6
3592,2
3063,5
5223,3
1424,1
1216,6
5610,1
1924,5
104,1
1064,6
314,2
1289,3
1427,3
5159,6
5786,1
3129,4
6930,3
5945,6
3008,3
6083,5
1105,1
3945,2
5405,1
4518,2
7350,2
3877,6
684,2
5381,1
4731,4
2765,6
3353,1
5724,4
2451,6
3477,4
326,2
2652,1
6147,6
2176,3
3982,5
4342,3
7098,1
3318,6
5875,5
2787,6
5008,1
3593,2
1676,6
348,5
5363,6
3226,2
3951,2
4674,2
1626,5
7218,4
7107,3
3774,2
871,5
4310,1
4034,4
3590,2
2218,2
3326,6
3539,1
6227,2
2121,6
7166,2
6862,4
6219,2
85,1
4210,5
1877,3
2801,1
5802,1
2640,1
6296,4
2880,5
5589,6
494,2
2019,3
2525,2
4409,4
5209,3
5679,5
5411,1
1270,3
4075,6
5943,6
2895,5
4041,4
6075,5
618,1
7038,6
5564,6
5212,3
5397,1
3405,2
4377,5
1413,1
2201,2
2001,1
5482,5
869,5
2358,2
2006,1
3090,5
4577,4
5095,5
356,5
1162,5
5584,6
3064,5
6442,2
3161,6
5391,1
4633,1
2607,6
7250,6
1890,2
579,6
2319,1
5153,6
1691,6
862,5
4981,6
4528,2
2380,2
2378,2
7175,5
5386,1
3306,4
6839,4
3955,3
1116,3
1541,6
4165,3
5655,2
6764,3
5717,4
6275,5
4966,6
6306,4
6477,5
4920,4
4793,6
3365,1
2500,3
6499,4
4126,1
6518,6
6526,6
7234,6
4304,1
7085,1
4704,5
7007,4
3731,1
4329,3
5460,2
4888,5
7050,6
2052,2
1776,5
3910,1
3313,6
4506,3
2536,2
5277,5
4184,5
1592,3
1723,3
5753,6
5710,4
2611,6
5003,1
490,2
6183,1
2910,4
1006,5
6613,2
3431,5
2503,3
4639,1
2314,1
3410,2
6551,6
2554,5
1417,1
3096,4
25,5
2409,5
3270,5
1113,3
4373,5
1552,1
6283,5
5810,1
3624,5
3214,2
3402,3
433,6
979,2
2655,1
1847,1
4987,1
4697,5
1127,3
7220,4
5453,2
4347,2
2518,2
7066,1
1102,1
3276,5
7152,3
4989,1
4447,6
5448,2
5111,4
194,5
615,1
643,3
5285,5
3285,4
3116,4
3936,3
2776,6
6026,2
6214,3
4951,6
330,3
2207,2
6321,4
5292,5
2670,3
3299,4
972,2
483,3
2420,4
2602,6
719,4
3784,3
2059,5
2803,1
2566,5
4918,4
32,4
664,2
5785,1
4655,3
5929,4
6067,5
1444,3
7295,3
2792,6
3649,4
7162,2
1705,1
3661,4
5555,4
3964,2
4275,6
4896,5
3227,2
118,1
2277,6
2905,5
6508,4
1401,1
739,6
2456,6
170,2
540,5
883,4
5884,5
5510,5
4936,4
6856,4
4830,3
674,2
3209,3
397,4
2915,4
5427,3
1815,6
3908,1
4742,4
2100,4
4418,4
7286,1
6195,3
2101,4
7338,2
4205,5
6388,1
1548,1
6208,3
3647,4
3323,6
355,5
3826,4
1461,2
5097,5
2535,2
6513,4
3220,2
5241,2
2373,2
1051,6
3074,5
2321,1
4701,5
3334,6
4746,4
1751,2
3779,3
1772,5
1196,4
1878,3
2668,3
7336,2
2016,3
2005,1
5963,6
1482,5
3237,5
328,2
648,3
3599,3
2945,6
6659,4
1123,3
396,4
2788,6
4309,1
3771,2
4229,4
5149,6
6157,6
1259,1
4378,5
6125,4
6003,1
1519,4
3838,4
1378,6
5365,6
1023,4
2587,4
2918,4
6357,6
5946,6
7203,4
912,6
2857,2
6746,1
1675,6
1746,2
3026,2
532,5
1736,2
1629,5
4855,2
430,6
3523,6
1808,4
7004,4
3607,5
6505,4
4596,4
4786,6
234,4
4628,6
2222,5
6977,5
4220,4
6777,2
4538,5
6562,1
1948,4
5621,3
6529,6
6409,2
3492,4
6732,1
1995,1
3639,5
2671,3
6118,4
2224,5
1106,3
6059,5
818,3
3821,5
6384,1
5020,3
5341,6
1697,1
5837,2
136,3
1642,5
5737,4
4919,4
6521,6
1180,5
4619,6
888,4
2987,1
4077,6
2437,4
3927,1
5143,6
817,3
1111,3
3414,3
4603,6
2341,3
3167,1
5420,3
5002,1
5866,2
3065,5
1264,1
990,5
1464,2
3662,4
7239,6
1739,2
5286,5
6035,2
353,5
5605,1
4102,1
3768,2
5296,5
5166,6
1489,5
6653,5
4932,4
3130,6
1228,6
5649,2
4157,2
1053,6
6960,2
2894,5
6880,6
52,6
4416,4
4159,2
5155,6
3085,5
159,2
4539,5
1587,3
1589,3
1479,5
3555,1
5009,1
3145,6
1469,2
4385,5
3094,4
7174,5
3875,6
2078,5
7197,5
4626,6
4510,2
7244,6
7093,1
6974,5
2828,3
436,1
4258,6
7116,3
2960,6
5312,4
1588,3
4801,1
2780,6
7198,5
5409,1
1590,3
4722,5
973,2
1238,1
2951,6
7111,3
2342,3
3790,2
5926,4
4726,5
6280,5
2231,5
3866,6
1497,5
449,1
2369,2
7321,3
3429,5
4623,6
7083,1
6464,5
2422,4
6603,2
5701,5
4331,3
1551,1
6523,6
1146,2
6153,6
6334,6
2092,4
1313,2
2015,3
6081,5
187,5
5048,2
3655,4
3426,2
4340,3
1381,6
4490,1
413,6
4513,2
3455,5
941,1
801,3
3336,6
3606,5
6889,6
2750,4
3846,4
4519,2
4691,2
256,1
4262,6
7210,4
3199,3
2235,5
647,3
1767,5
5044,2
6380,1
7229,4
6210,3
4035,4
24,5
6326,4
1088,1
5774,6
2694,2
4677,2
3398,3
3559,3
112,1
2841,3
2311,1
3441,5
5140,6
6985,5
4925,4
3805,5
56,6
1309,2
695,5
6548,6
3961,2
3752,3
5349,6
1227,6
1999,1
276,1
6418,3
5538,4
1833,6
5826,3
6532,6
682,2
4427,4
6926,3
5316,4
5976,1
1137,2
2767,6
5941,6
4635,1
5004,1
942,1
1036,4
4063,6
5924,4
1346,4
3646,4
5956,6
4299,6
2784,6
880,4
2384,5
2988,1
115,1
5129,4
3400,3
7315,3
3119,4
4498,3
4217,5
7019,4
2819,1
3822,5
3947,2
1710,1
6119,4
6043,2
81,1
3802,5
3021,3
1972,6
1714,1
3536,1
3825,4
6899,1
5531,4
4198,5
6583,3
1946,4
4537,5
4306,1
6638,5
3488,4
1610,2
5108,4
1251,1
3833,4
694,5
3070,5
4487,1
7178,5
2867,2
5665,2
5705,5
3375,1
665,2
2194,2
4814,1
6004,3
6256,5
5307,5
1017,5
557,4
4848,3
6354,6
1207,4
4245,4
5028,3
4407,4
1510,4
4641,1
3829,4
3732,1
4789,6
3211,3
3630,5
5015,3
5017,3
266,1
6874,6
1140,2
3162,6
2111,6
5214,3
7194,5
1909,5
4881,5
6273,5
656,3
4950,6
5196,1
4714,5
5843,2
998,5
5908,4
2834,3
2809,1
6249,5
1784,5
1237,6
6122,4
3921,1
4769,6
5612,1
4582,4
7023,4
5964,6
7256,6
2186,3
2913,4
1134,2
908,6
6582,3
3708,6
1303,2
6860,4
1627,5
6967,2
1522,4
835,2
358,5
138,3
299,3
1556,1
1003,5
382,4
5077,5
4201,5
5082,5
761,6
4047,4
5849,2
5333,4
4303,6
4417,4
4287,6
5942,6
5060,2
1402,1
820,3
6474,5
6315,4
2721,5
1932,4
4464,6
3560,3
6612,2
6648,5
5583,6
6906,1
3055,5
3807,5
6282,5
4213,5
4894,5
2685,2
2478,1
58,6
76,6
796,1
2416,4
2248,5
5372,6
785,1
1731,3
7153,3
3158,6
3106,4
4250,4
123,1
2217,2
1572,1
4043,4
5303,5
5170,1
5257,2
4561,5
5670,2
910,6
2172,3
1850,1
2309,1
6882,6
3634,5
1257,1
2495,3
5542,4
4716,5
3501,6
1178,5
4472,1
7265,1
5533,4
6009,3
3650,4
442,1
5633,3
1399,1
2973,1
2884,5
1457,2
4523,3
7003,4
3459,5
1054,6
5927,4
6658,4
3275,5
5635,3
3699,6
3759,3
929,1
1415,1
2372,2
6346,6
1829,6
6230,2
816,3
4776,6
5160,6
6741,1
1502,4
5918,4
1450,2
4879,2
2011,3
5571,6
3515,6
4997,1
5723,4
6216,3
7053,6
2606,6
3264,5
5553,4
6226,2
6,5
2980,1
3361,1
1943,4
4480,1
6766,3
6217,2
5642,3
4707,5
6762,3
3134,6
4671,3
2242,5
1474,2
5446,2
1889,2
3435,5
7084,1
3705,6
2021,3
4020,4
5784,1
5238,2
5654,2
2658,1
1130,2
4890,5
6656,4
4503,3
6811,5
1236,6
7121,3
6606,2
2282,6
4983,6
4093,6
5829,3
6253,5
386,4
1628,5
3585,2
2714,5
4325,1
7348,2
6434,2
3189,1
909,6
5550,4
1866,3
1842,1
2497,3
6016,3
5234,3
4006,5
2702,2
6507,4
331,3
4307,1
4651,1
2459,6
1774,5
4570,4
6494,4
2686,2
6202,3
6233,2
5120,4
5395,1
5656,2
5614,1
5235,3
6034,2
173,2
3321,6
4264,6
3372,1
3311,4
4412,4
4562,5
5762,6
3403,3
18,5
3691,6
5690,5
4096,6
3628,5
5819,3
2174,3
1356,4
4449,6
3112,4
182,5
5740,4
5813,1
1812,4
4741,4
1800,4
2429,4
4516,2
6347,6
5113,4
7243,6
1159,5
1213,6
1325,5
5887,5
1455,2
4301,6
5876,5
1644,5
2140,1
5934,4
729,4
1936,4
3793,5
6857,4
6340,6
6560,1
1110,3
5969,6
2998,1
2394,5
1185,4
2007,1
193,5
5874,5
578,6
771,1
2395,5
7280,1
1846,1
6152,6
3740,1
4713,5
4878,2
2073,5
1896,2
6270,5
3659,4
2379,2
1447,3
342,3
6483,5
2527,2
727,4
976,2
6759,3
3516,6
7263,1
7056,6
3940,2
1299,2
6751,3
660,3
1492,5
6992,5
5369,6
2315,1
6825,5
6769,3
1085,1
6934,3
3198,3
6301,4
4982,6
67,6
5840,2
2269,4
5178,1
4424,4
5790,1
3447,5
2367,2
4362,3
4903,5
2512,3
2723,5
6260,5
5428,3
1143,2
6989,5
6305,4
5910,4
3789,2
2220,5
2331,3
5403,1
6286,4
6455,5
4088,6
1967,6
5748,6
6789,2
423,6
6367,6
1904,5
6669,4
3917,1
3618,5
839,2
4509,2
141,3
6068,5
1377,6
3674,4
5711,4
7204,4
3808,5
1138,2
2257,4
1787,5
3938,3
4758,4
459,1
6720,6
948,3
3700,6
1336,5
6236,2
1602,2
2238,5
639,3
7096,1
3830,4
4803,1
5072,5
6573,1
1070,6
155,2
2295,6
4679,2
1089,1
2940,6
6215,3
930,1
2909,4
4773,6
6743,1
3247,5
6677,4
5447,2
6510,4
6348,6
6848,4
1698,1
6915,1
7310,3
5434,3
3831,4
6698,6
6688,6
985,2
1821,6
587,6
7012,4
5094,5
6693,6
7305,3
4661,3
5831,3
3557,1
1395,6
264,1
3547,1
5107,4
6710,6
5180,1
3864,6
6098,4
2400,5
6637,5
3711,6
246,6
1594,3
7144,2
4963,6
923,1
5281,5
6829,5
669,2
3604,3
1910,5
5117,4
3958,3
2696,2
2591,4
1781,5
3013,3
2307,1
4392,5
3690,6
687,2
612,1
3200,3
2267,4
7048,6
7193,5
1898,2
5288,5
258,1
2924,4
2822,1
3339,6
3525,6
2285,6
484,3
2211,2
6774,2
2555,5
7,5
3657,4
6228,2
4402,5
2426,4
1814,6
2274,4
1011,5
4970,6
1067,6
1991,1
3970,5
5704,5
3867,6
6558,1
3048,2
781,1
7134,2
1749,2
2791,6
1091,1
5070,5
6258,5
5960,6
2608,6
6023,3
2290,6
1727,3
610,1
343,3
5729,4
3750,1
3215,2
97,1
6135,6
1537,6
3588,2
3648,4
5848,2
4541,5
1517,4
6470,5
4272,6
3669,4
2090,4
572,4
6683,4
6100,4
3062,5
4653,1
5314,4
6328,4
4914,5
370,5
1938,4
7347,2
6345,6
3670,4
3652,4
2361,2
4260,6
4574,4
6626,5
3737,1
4520,2
5061,2
5093,5
1171,5
4781,6
1422,1
6597,3
6471,5
4823,1
874,5
2297,6
2643,1
6368,6
840,2
581,6
204,4
1641,5
2014,3
3253,5
4532,2
905,6
631,1
5360,6
6139,6
1974,6
162,2
5012,1
6605,2
4672,3
875,4
1431,3
6342,6
4584,4
4669,3
2856,2
1861,1
2659,3
3384,3
6748,1
6000,1
3331,6
6010,3
5522,4
5118,4
2096,4
2003,1
546,5
1449,3
5087,5
2610,6
1900,2
5789,1
2757,4
1885,2
7105,3
2097,4
7320,3
6604,2
836,2
3471,4
5845,2
2171,3
6317,4
6257,5
398,4
2010,3
7061,6
1283,3
5171,1
5364,6
4256,4
1836,6
1019,5
1326,5
5570,6
475,3
2810,1
6618,2
1651,4
6821,5
6281,5
2528,2
1206,4
4774,6
5648,2
4629,6
867,5
2974,1
541,5
1132,2
7122,2
7221,4
3390,2
5278,5
2962,6
4155,2
3259,5
4988,1
7259,6
2583,4
2813,1
5697,5
6369,6
6733,1
3586,2
5090,5
6377,1
2630,6
5885,5
4680,2
1080,1
4283,6
2085,4
2452,6
2023,3
5641,3
226,4
1013,5
1929,4
6338,6
1404,1
2179,3
697,5
1124,3
3895,6
1778,5
4685,2
2634,1
3489,4
1037,4
2256,4
6124,4
7267,1
313,2
2649,1
2281,6
5260,2
2547,5
2159,1
3137,6
6107,4
3967,5
1428,3
5743,6
2520,2
5506,5
5424,3
448,1
6290,4
1284,3
3727,1
361,5
5920,4
5856,3
2460,6
22,5
2066,5
1653,4
702,5
5313,4
2743,4
1376,6
5972,6
2468,1
3754,3
2325,1
460,1
4183,5
4082,6
1486,5
3678,4
282,1
4558,5
4308,1
3537,1
5157,6
2581,4
1368,4
6629,5
4930,4
597,6
4351,2
5968,6
7298,3
6924,3
5812,1
3468,4
4692,2
2990,1
6539,6
2544,5
5452,2
5374,6
4066,6
3988,5
7309,3
685,2
7094,1
3243,5
5683,5
4083,6
2837,3
3697,6
6445,2
4040,4
2230,5
5357,6
2320,1
521,2
522,5
5735,4
5914,4
5911,4
5540,4
780,1
5746,6
4975,6
651,3
5472,2
2196,2
369,5
4816,1
4214,5
377,5
5775,6
2216,2
5590,6
1613,2
6598,3
3632,5
962,3
6770,3
7070,1
6887,6
359,5
3839,4
4913,5
1246,1
5121,4
3694,6
6207,3
2567,5
3423,2
2037,2
772,1
6755,3
3562,3
6954,2
6718,6
4860,2
4531,2
1674,6
365,5
5719,4
4915,4
4327,1
147,3
6461,5
3088,5
5838,2
407,6
6787,2
3456,5
4182,5
3576,2
3271,5
1031,4
4810,1
855,5
3926,1
78,1
2247,5
5433,3
6712,6
6758,3
5049,2
788,1
2279,6
4095,6
3897,6
6473,5
6103,4
3631,5
5495,5
424,6
392,4
5478,5
6937,3
4200,5
2672,3
6723,6
4962,6
3493,6
1459,2
5930,4
6834,4
3835,4
6424,3
5684,5
6996,4
4724,5
5700,5
2355,2
2442,6
6744,1
6496,4
464,1
163,2
6361,6
6584,3
7044,6
7289,1
2009,1
3084,5
900,6
6300,4
2293,6
4481,1
4605,6
3716,6
6097,4
1764,5
1549,1
3029,2
5544,4
2044,2
767,1
1508,4
7141,2
4517,2
4219,5
6106,4
6066,5
3292,4
819,3
1403,1
1382,6
2148,1
1638,5
7068,1
399,4
882,4
3565,3
6568,1
1179,5
4244,4
5011,1
2130,6
456,1
1950,4
689,5
5806,1
7281,1
1953,6
2710,5
7139,2
4349,2
6381,1
1884,2
5528,4
6497,4
2494,1
3036,2
3603,3
845,2
542,5
3724,1
4187,5
3679,4
5867,5
6011,3
5041,2
2964,6
2529,2
1048,4
1960,6
2530,2
5402,1
237,6
1133,2
6079,5
4259,6
5422,3
5516,4
5662,2
2978,1
5817,3
6537,6
5201,1
3919,1
3138,6
6559,1
4073,6
6555,1
3229,2
1826,6
593,6
2725,5
4137,3
560,4
5756,6
5165,6
243,6
4437,6
5498,5
405,6
1442,3
261,1
4923,4
6705,6
1689,6
1725,3
2496,3
4937,4
340,3
5123,4
1601,2
4576,4
3725,1
7279,1
2785,6
1523,6
6517,6
6525,6
6809,5
5938,4
1766,5
7252,6
4037,4
5807,1
5954,6
7261,6
363,5
7271,1
6866,6
4725,5
4443,6
5857,3
6788,2
2562,5
7182,5
6738,1
6823,5
3083,5
6772,3
2102,4
632,1
2493,1
2665,3
6506,4
4406,4
5708,4
5210,3
2334,3
7055,6
3619,5
3883,6
5057,2
4211,5
1494,5
2401,5
3874,6
1232,6
2661,3
2817,1
6715,6
5834,2
4153,2
5818,3
3061,5
6284,5
7272,1
1735,3
2823,1
5602,1
5037,3
2475,1
2564,5
6191,1
5680,5
707,5
3046,2
6274,5
5608,1
72,6
4448,6
4839,2
6876,6
1190,4
2601,6
1125,3
1241,1
6587,3
6063,5
5508,5
3351,1
4008,5
1577,3
3906,1
3729,1
4358,2
1343,4
7332,2
440,1
1100,1
2637,1
6818,5
649,3
1546,6
5587,6
5607,1
2852,2
3503,6
7002,4
630,1
4768,6
1249,1
5025,3
482,3
1584,3
4676,2
1462,2
3040,2
5650,2
3273,5
3683,6
4145,2
5176,1
4954,6
3225,2
1072,6
4815,1
2631,1
1660,4
2425,4
6198,3
5582,6
3097,4
3976,5
6581,3
6976,5
5221,3
5825,3
1408,1
1845,1
1798,4
3957,3
1475,2
35,4
444,1
2359,2
3654,4
3179,1
1286,3
5441,3
4445,6
3416,3
2137,6
2636,1
4016,4
7100,3
1681,6
5515,4
1692,1
5417,3
5879,5
3635,5
372,5
6678,4
4882,5
6962,2
140,3
4884,5
4419,4
6845,4
6957,2
714,5
3188,1
6493,4
4431,4
5144,6
406,6
20,5
1004,5
4986,1
2411,5
2545,5
2390,5
5904,4
42,4
2830,3
3371,1
3022,3
3364,1
4399,5
11,5
4760,4
1177,5
1947,4
2501,3
2863,2
3865,6
1026,4
3848,4
2989,1
961,3
2889,5
3015,3
3338,6
5190,1
735,4
4400,5
1440,3
2875,5
3986,5
916,6
6133,6
6372,1
4089,6
6790,2
5741,4
2772,6
1624,5
5827,3
821,3
1367,4
3712,6
6607,2
850,5
1000,5
5457,2
4114,1
1637,5
1667,6
4589,4
3173,1
6995,5
1347,4
5738,4
3230,2
5169,6
5646,2
4783,6
3232,2
6012,3
703,5
5105,4
5858,2
3291,4
3673,4
2408,5
1327,5
6840,4
6041,2
4909,5
4440,6
6141,6
986,2
5836,2
6671,4
6324,4
6264,5
4049,4
3485,4
2474,1
3873,6
1198,4
4181,5
1518,4
6095,4
1799,4
1014,5
128,3
1364,4
6542,6
4470,6
891,4
2793,6
6173,1
4403,4
6999,4
6308,4
3249,5
1208,4
3868,6
6601,3
4065,6
6291,4
1239,1
2289,6
2740,4
275,1
4585,4
1035,4
1229,6
1008,5
3828,4
2532,2
4293,6
1058,6
6393,1
281,1
1043,4
1316,5
968,2
2381,2
6929,3
1939,4
5275,5
1274,3
619,1
5337,4
1742,2
1390,6
6136,6
1579,3
1655,4
3568,3
2352,3
2212,2
7308,3
3178,1
3192,3
1307,2
575,4
2360,2
1280,3
5978,1
4957,6
6082,5
1993,1
2639,1
269,1
629,1
5440,3
3081,5
3466,4
6422,3
4396,5
4023,4
6964,2
2046,2
4356,2
6621,2
2113,6
27,4
2040,2
3928,3
6646,5
3216,2
6846,4
3814,5
129,3
6050,2
7215,4
4599,6
13,5
6309,4
4476,1
1525,6
2365,2
4648,1
3052,5
4005,5
2340,3
374,5
5396,1
6479,5
939,1
7180,5
4573,4
2147,1
3591,2
5809,1
6675,4
6182,1
3623,5
529,5
3714,6
4732,4
1269,3
4281,6
1394,6
4850,3
4009,5
4390,5
1797,4
2979,1
1441,3
5494,5
7158,2
3811,5
1273,3
4703,5
1712,1
955,3
5438,3
5873,5
6502,4
6750,3
403,4
2071,5
6983,5
1977,6
158,2
3888,6
902,6
352,5
4540,5
4130,3
754,6
2971,6
7316,3
2920,4
311,2
4644,1
661,3
1989,1
3665,4
306,2
2335,3
4790,6
2356,2
3702,6
3804,5
1927,4
6450,2
3427,5
749,6
3638,5
5470,2
1266,3
6472,5
6500,4
3595,2
2134,6
5066,5
4109,1
4969,6
4904,5
514,2
6575,1
409,6
5480,5
7322,2
7268,1
6371,1
207,4
5979,1
458,1
2054,2
2430,4
250,1
6279,5
1107,3
6817,5
1713,1
3911,1
715,5
552,4
1439,3
2270,4
3144,6
7017,4
1925,4
634,1
316,2
6902,1
427,6
7146,3
105,1
3041,2
4238,4
2169,3
1709,1
89,1
2241,5
3174,1
5483,5
1949,4
4044,4
2848,2
1,5
4337,3
935,1
7248,6
2720,5
5205,1
591,6
5514,4
2936,4
2448,6
1576,3
7159,2
6137,6
213,6
778,1
3496,6
5767,6
2043,2
6667,4
1567,1
165,2
4702,5
3566,3
6878,6
6988,5
2013,3
273,1
3860,4
4167,3
5865,2
3788,2
5183,1
394,4
583,6
7328,2
6814,5
6040,2
7028,6
520,2
1763,5
1875,3
5355,6
3965,5
3344,6
2253,4
3224,2
526,5
2946,6
4473,1
3899,6
692,5
6946,2
4444,6
3633,5
1050,6
590,6
519,2
3380,3
3676,4
6056,5
5179,1
1607,2
3610,5
7013,4
7349,2
1809,4
791,1
792,1
6044,2
1855,1
1980,6
3233,2
3598,3
933,1
3963,2
5459,2
6824,5
4179,5
4026,4
6511,4
4116,1
988,2
5666,2
3453,5
6714,6
3778,2
6169,1
3093,4
3155,6
5069,5
3201,3
5931,4
1098,1
6105,4
2844,3
886,4
7253,6
5698,5
515,2
6784,2
4833,3
1453,2
3553,1
3609,5
4665,3
2506,3
2994,1
3999,5
6966,2
906,6
28,4
6311,4
2507,3
2428,4
5043,2
5346,6
762,6
3747,1
4811,1
284,1
686,2
6794,2
2353,3
5913,4
6319,4
21,5
2752,4
885,4
917,6
1040,4
5830,3
1265,1
4579,4
6365,6
6835,4
277,1
5084,5
2084,4
1245,1
2382,5
571,4
1435,3
3902,6
5089,5
1247,1
6221,2
4681,2
3526,6
2514,3
5445,2
1007,5
4770,6
4543,5
7037,6
6370,6
2064,5
5352,6
5803,1
1690,6
7275,1
5343,6
1985,1
294,1
1547,6
2012,3
588,6
3329,6
2403,5
2129,6
3998,5
6440,2
3741,1
3508,6
2719,5
4521,3
5150,6
6697,6
6704,6
556,4
4795,6
2469,1
3738,1
4286,6
7059,6
5289,5
1716,3
2604,6
6062,5
1704,1
2139,1
3239,5
2383,5
4311,1
1285,3
6261,5
6570,1
3930,3
6225,2
1591,3
6903,1
6514,4
2162,1
2396,5
317,2
6600,3
3111,4
5233,3
5871,5
7133,2
4036,4
795,1
3020,3
1711,1
3387,3
36,4
4549,5
913,6
5295,5
3972,5
5370,6
4133,3
974,2
983,2
6867,6
1418,1
1560,1
4135,3
5860,2
4265,6
1355,4
6881,6
6969,5
987,2
2682,2
5047,2
1640,5
1290,2
3681,4
1380,6
1933,4
4675,2
6186,1
3160,6
2030,3
892,4
4876,2
4069,6
4255,4
2,5
2109,4
849,5
2737,4
2466,1
1914,5
1596,3
1913,5
5139,6
6921,3
2736,4
726,4
53,6
1796,4
3845,4
2553,5
2800,1
936,1
6060,5
824,2
4321,1
3401,3
1389,6
3564,3
884,4
5429,3
4867,3
1868,3
5181,1
10,5
3415,3
5421,3
1463,2
806,3
5993,1
6543,6
4068,6
2108,4
6206,3
7288,1
2234,5
963,3
4494,1
2632,1
704,5
431,6
4388,5
145,3
2033,2
6950,2
1165,5
3500,6
2050,2
3760,3
2624,6
4484,1
4435,6
7095,1
5694,5
4361,3
2424,4
1262,1
1771,5
3511,6
271,1
4792,6
7319,3
244,6
7126,2
4572,4
2032,2
7135,2
5808,1
813,3
3810,5
7294,3
5967,6
1804,4
6246,5
4346,2
2461,6
545,5
3241,5
738,4
310,2
3521,6
1131,2
5545,4
7237,6
4111,1
2769,6
920,1
6159,6
3587,2
3959,2
38,4
4459,6
4278,6
2983,1
5290,5
7334,2
5217,3
2667,3
3223,2
1182,5
6672,4
614,1
7216,4
1466,2
4497,3
3042,2
934,1
2419,4
5085,5
6634,5
5955,6
4822,1
826,2
1521,4
2930,4
4232,4
628,1
4430,4
3853,4
390,4
4345,2
7160,2
3990,5
400,4
4806,1
5135,4
5937,4
3359,1
46,4
5657,2
7049,6
7242,6
3642,5
3726,1
6729,1
5208,3
5319,4
7130,2
2421,4
5604,1
1750,2
7103,3
7173,5
4062,6
338,3
215,6
3663,4
1341,5
6722,6
7112,3
3894,6
3640,5
329,2
5782,6
3004,3
7018,4
3115,4
7106,3
2322,1
4197,5
3549,1
1458,2
171,2
4203,5
6156,6
3569,3
4226,4
5158,6
6087,5
6055,5
938,1
60,6
1240,1
5760,6
5136,4
6142,6
2120,6
1524,6
153,2
481,3
4460,6
3920,1
1762,5
750,6
1785,5
6111,4
4501,3
4853,3
2711,5
5939,4
4193,5
1333,5
6544,6
2854,2
186,5
1136,2
2058,5
7297,3
6158,6
148,3
4124,1
4889,5
5950,6
3363,1
4788,6
2866,2
3776,2
1386,6
6943,3
6080,5
5695,5
3629,5
7040,6
4797,6
3028,2
2969,6
6394,1
1708,1
2953,6
454,1
609,6
4263,6
4826,1
6232,2
2074,5
4052,4
5974,6
1622,2
4683,2
5497,5
5796,1
6443,2
40,4
5475,5
2089,4
3924,1
2175,3
74,6
5882,5
7251,6
2657,1
3180,1
2076,5
441,1
2051,2
2541,2
1301,2
3430,5
1304,2
236,4
6126,4
2599,6
4616,6
2573,4
3280,4
3186,1
3953,3
2768,6
4831,3
4223,4
2106,4
2679,3
2761,4
4688,2
5399,1
1387,6
6897,1
6652,5
5909,4
7090,1
5000,1
5853,3
1279,3
6561,1
7201,4
1555,1
6647,5
3190,3
4566,5
4802,1
7169,5
4841,2
3594,2
1920,5
513,2
4177,5
1308,2
5667,2
914,6
3452,5
3695,6
4242,4
3156,6
2198,2
774,1
4425,4
943,1
822,2
5005,1
4277,6
164,2
5619,3
4547,5
3983,5
2538,2
7008,4
1311,2
5207,3
6684,6
5383,1
6128,6
6819,5
3300,4
3310,4
327,2
5886,5
2490,1
6885,6
4408,4
832,2
3079,5
3462,4
5297,5
6444,2
54,6
4064,6
3451,5
1901,2
1481,5
4873,2
4895,5
4150,2
3335,6
4926,4
946,3
5797,1
3293,4
2161,1
7114,3
5083,5
6224,2
3057,5
5490,5
768,1
6908,1
3495,6
285,1
7264,1
4524,3
6538,6
2332,3
2717,5
2079,5
3389,2
722,4
951,3
6410,2
2262,4
989,2
3212,3
1759,5
6033,2
4422,4
5479,5
1724,3
5182,1
341,3
3701,6
4243,4
688,5
3432,5
5203,1
4944,4
966,3
7185,5
6645,5
2203,2
2713,5
4757,4
5098,5
6476,5
6724,1
5280,5
5975,6
3572,3
4805,1
5299,5
1990,1
4120,1
4759,4
6027,2
5298,5
6426,3
4971,6
6963,2
5034,3
3600,3
6905,1
7317,3
6057,5
385,4
6417,3
6711,6
536,5
6855,4
5032,3
4212,5
3507,6
201,5
1332,5
3502,6
2708,5
5031,3
4662,3
4021,4
1854,1
6572,1
2872,5
3030,2
1205,4
1645,4
3417,3
3476,4
6187,1
2861,2
1792,4
5526,4
3797,5
3368,1
3367,1
3533,1
6451,5
5109,4
6024,3
3449,5
603,6
3056,5
6400,3
126,3
7209,4
3876,6
2935,4
5443,3
4451,6
3531,1
2730,4
827,2
1639,5
984,2
3281,4
7307,3
2188,3
6771,3
2443,6
362,5
2349,3
345,3
814,3
4807,1
3205,3
6104,4
7043,6
5961,6
3325,6
4106,1
6578,1
2116,6
1834,6
793,1
7273,1
2674,3
94,1
4225,4
3756,3
2891,5
2371,2
6086,5
6515,4
3228,2
5996,1
6553,6
6028,2
2853,2
6802,5
2912,4
1865,1
5754,6
4612,6
1857,1
2645,1
2243,5
5373,6
2336,3
950,3
3068,5
1120,3
2597,6
2204,2
419,6
922,1
1254,1
477,3
2035,2
6765,3
5788,1
5742,6
5567,6
1202,4
2626,6
5765,6
7207,4
1970,6
3110,4
4018,4
2151,1
3687,6
4916,4
1997,1
4033,4
7205,4
3054,5
1248,1
2192,2
2712,5
992,5
2190,3
4670,3
5142,6
5984,1
3762,3
3597,3
4711,5
1318,5
1863,1
2343,3
2449,6
2136,6
1065,6
5868,5
7292,1
4227,4
2621,6
77,6
2898,5
6148,6
4820,1
1314,2
5947,6
7325,2
872,5
3850,4
5468,2
5951,6
7027,4
2965,6
3391,2
5415,1
2560,5
7196,5
2635,1
5256,2
3530,1
375,5
1908,5
4429,4
6676,4
6429,3
4027,4
1604,2
1118,3
3677,4
3490,4
7143,2
6039,2
2958,6
1994,1
7287,1
6392,1
2376,2
6730,1
1342,5
320,2
1619,2
3713,6
6727,1
2060,5
2219,2
1673,6
6038,2
260,1
6569,1
2039,2
4785,6
901,6
3744,1
2026,3
4234,4
1917,5
1828,6
1573,1
4415,4
4749,4
6452,5
4654,1
4208,5
4627,6
224,6
723,4
6595,3
1141,2
5529,4
5764,6
5554,4
6971,5
2762,6
846,2
4289,6
5560,6
5042,2
6117,4
2551,5
5725,4
2928,4
117,1
645,3
5966,6
3,5
4170,2
5851,3
467,3
5,5
5342,6
919,6
2595,4
4324,1
1063,6
2590,4
242,6
6745,1
1160,5
2870,2
3735,1
6721,6
2397,5
3517,6
3421,2
2563,5
5622,3
1605,2
7086,1
2324,1
2709,5
6459,5
1312,2
3448,5
3812,5
6085,5
6833,4
2362,2
1975,6
3514,6
1761,5
5401,1
2739,4
5637,3
6842,4
2472,1
4007,5
4718,5
6177,1
1493,5
4206,5
2158,1
1169,5
6639,5
232,4
66,6
1603,2
6168,1
3283,4
3596,2
6288,4
4632,1
125,3
6229,2
5350,6
1296,2
1976,6
6925,3
6589,3
2075,5
4580,4
5750,6
6939,3
3086,5
6378,1
3345,6
6565,1
5870,5
2797,6
918,6
1646,4
5122,4
5126,4
4978,6
5431,3
4621,6
364,5
3287,4
2125,6
4123,1
4569,4
525,5
4821,1
55,6
638,3
302,3
2766,6
5811,1
1276,3
6883,6
4720,5
2055,2
5376,6
5145,6
4432,4
3644,5
4143,2
2878,5
4202,5
5175,1
2286,6
2261,4
5240,2
6540,6
2296,6
5932,4
1753,2
5197,1
1968,6
6387,1
3117,4
2393,5
523,5
5524,4
3900,6
6847,4
4699,5
5585,6
6487,4
3122,4
4156,2
1969,6
671,2
4188,5
666,2
6366,6
1887,2
3266,5
280,1
1719,3
2947,6
4455,6
899,6
6031,2
7120,3
6090,5
6441,2
760,6
6254,5
1906,5
4042,4
3823,5
4138,3
3818,5
6269,5
4300,6
5569,6
6196,3
2593,4
4164,3
3031,2
5971,6
3579,2
2832,3
5449,2
3472,4
6327,4
137,3
4892,5
2180,3
2128,6
3177,1
4854,3
4637,1
5115,4
6411,2
4261,6
4344,2
1331,5
2017,3
4542,5
2482,1
1358,4
6241,2
1329,5
7240,6
2150,1
4530,2
2122,6
4673,2
3981,5
1252,1
3278,5
3374,1
2814,1
4719,5
1848,1
4858,2
3037,2
388,4
235,4
1077,1
1984,1
4363,3
3962,2
770,1
2165,1
4533,2
673,2
249,1
6297,4
1574,1
6238,2
3419,2
2081,5
1823,6
6830,5
7026,4
4544,5
5565,6
716,4
6556,1
6858,4
2048,2
5997,1
5264,2
4178,5
4809,1
2724,5
6644,5
1460,2
5989,1
1668,6
2756,4
2000,1
4571,4
4613,6
404,6
384,4
6602,2
2152,1
1633,5
6734,1
5580,6
4784,6
3925,1
5336,4
4158,2
4948,6
5898,5
6663,4
5358,6
223,6
2193,2
3136,6
4469,6
1824,6
6752,3
5124,4
4972,6
797,3
2871,5
9,5
1944,4
1838,6
4804,1
255,1
5713,4
4485,1
6625,5
1581,3
2956,6
924,1
6512,4
2508,3
6132,6
5024,3
5320,4
6042,2
3775,2
4835,3
4136,3
4964,6
2779,6
539,5
2745,4
6609,2
6850,4
5467,2
1145,2
5127,4
4468,6
667,2
3019,3
357,5
5063,2
2831,3
2783,6
1353,4
5131,4
470,3
2703,2
3330,6
3637,5
1396,1
3584,2
6596,3
5262,2
5645,2
3376,1
1256,1
6190,1
3512,6
5651,2
5778,6
1250,1
5795,1
5348,6
7060,6
4298,6
3284,4
2933,4
4175,2
5268,2
4910,5
1852,1
6316,4
6875,6
7149,3
2105,4
133,3
5236,2
5029,3
928,1
823,2
6680,4
1531,6
1214,6
504,2
4285,6
6491,4
1996,1
6530,6
3072,5
1958,6
1384,6
894,4
4924,4
455,1
5779,6
6807,5
3709,6
6782,2
4849,3
4748,4
4268,6
3522,6
4134,3
3602,3
7181,5
713,5
4186,5
2214,2
5301,5
2923,4
6660,4
1810,4
3486,4
3141,6
1827,6
1155,2
1324,5
4312,1
510,2
1680,6
499,2
6666,4
1856,1
1388,6
5615,1
3719,6
2386,5
5541,4
3236,2
6172,1
1540,6
1217,6
2681,2
2993,1
5512,5
6313,4
1191,4
5772,6
5293,5
1542,6
3301,4
3324,6
2539,2
953,3
4846,3
4330,3
732,4
7341,2
1156,5
6806,5
3294,4
6541,6
2982,1
5305,5
5161,6
2156,1
1062,6
2616,6
1167,5
3222,2
3636,5
5588,6
2938,6
4491,1
3140,6
4980,6
143,3
7282,1
3577,2
4946,6
2782,6
717,4
1819,6
2502,3
4360,3
4171,2
6588,3
395,4
5731,4
6320,4
7102,3
4492,1
1365,4
6699,6
5999,1
595,6
6205,3
3952,2
5392,1
5917,4
4968,6
2914,4
7241,6
2326,1
5644,2
3766,2
3440,5
3851,4
4132,3
6739,1
2143,1
6779,2
5073,5
1571,1
4079,6
1122,3
2786,6
6335,6
2967,6
2504,3
5988,1
3465,4
675,2
2808,1
3348,1
728,4
412,6
3146,6
1516,4
5745,6
825,2
3267,5
3974,5
616,1
114,1
417,6
3069,5
1625,5
7278,1
4185,5
2896,5
6861,4
2082,5
753,6
2546,5
3969,5
3373,1
5726,4
4107,1
2444,6
4380,5
1066,6
3913,1
5287,5
5536,4
5387,1
5732,4
3498,6
2738,4
5052,2
4000,5
1568,1
2427,4
3746,1
6810,5
1687,6
851,5
3546,1
6303,4
895,4
4592,4
6401,3
5878,5
335,3
2839,3
3087,5
4611,6
1348,4
1015,5
2816,1
1631,5
2489,1
3730,1
3251,5
6804,5
5877,5
6665,4
5881,5
2070,5
4452,6
7172,5
5408,1
1635,5
4646,1
6484,5
2479,1
6617,2
2265,4
2959,6
5323,4
6978,5
3059,5
5053,2
5869,5
2141,1
5104,4
3118,4
5188,1
6936,3
4045,4
3356,1
2744,4
5092,5
3506,6
1679,6
4249,4
3147,6
2294,6
580,6
1470,2
4799,1
4070,6
5308,4
3343,6
4992,1
4583,4
3672,4
559,4
5237,2
5215,3
2849,2
512,2
4729,4
1081,1
1664,4
1012,5
1931,4
1150,2
2838,3
5949,6
116,1
740,6
7057,6
6070,5
5177,1
3675,4
5906,4
830,2
119,1
4752,4
7015,4
6958,2
7266,1
635,1
4465,6
4364,3
6799,5
4142,3
991,5
876,4
4869,3
5315,4
5222,3
4,5
3051,5
5691,5
3124,4
6407,2
2660,3
2491,1
5173,1
3854,4
4933,4
4777,6
1715,1
6448,2
6713,6
6457,5
6293,4
1148,2
3261,5
574,4
3769,2
3736,1
4146,2
853,5
1982,1
2774,6
5919,4
4929,4
5211,3
1166,5
6614,2
6002,1
971,2
2701,2
4495,3
6655,5
3847,4
2368,2
4115,1
4780,6
4131,3
2950,6
5625,3
524,5
2455,6
5016,3
1841,6
5986,1
537,5
2806,1
5801,1
5596,1
4341,3
3175,1
784,1
4057,6
1409,1
2537,2
154,2
3009,3
1686,6
2901,5
7277,1
4721,5
3863,6
2733,4
1895,2
5442,3
569,4
6709,6
5854,3
1816,6
2065,5
127,3
3394,2
3327,6
7324,2
6102,4
2975,1
980,2
2300,6
190,5
1139,2
5088,5
699,5
7016,4
606,6
4276,6
301,3
6640,5
3420,2
7075,1
1060,6
7132,2
7200,4
2565,5
7337,2
1069,6
2524,2
2205,2
1243,1
16,5
3120,4
7327,2
4642,1
4754,4
815,3
3067,5
7021,4
5600,1
959,3
6427,3
4893,5
225,4
6170,1
3354,1
5895,5
2485,1
562,4
3436,5
6373,1
6181,1
1693,1
6893,6
1045,4
3446,5
4565,5
954,3
7323,2
2735,4
7206,4
4735,4
7078,1
1218,6
5254,2
5511,5
6990,5
1527,6
3987,5
7254,6
1300,2
7187,5
6944,3
5699,5
160,2
4067,6
5800,1
956,3
3791,2
3234,2
2869,2
3777,2
4433,4
4973,6
6015,3
2961,6
5980,1
2200,2
98,1
7142,2
2557,5
3183,1
253,1
3923,1
4199,5
1445,3
5539,4
1648,4
4682,2
4723,5
3991,5
1696,1
3191,3
6197,3
6295,4
4499,3
1154,2
2255,4
6959,2
1682,6
3170,1
2056,2
4090,6
7163,2
3108,4
4548,5
3723,6
6397,1
5423,3
2049,2
4976,6
3643,5
7249,6
623,1
6489,4
7069,1
5883,5
262,1
5730,4
3369,1
4061,6
5534,4
6294,4
6065,5
6616,2
1802,4
4736,4
7335,2
2385,5
6694,6
5759,6
1959,6
2976,1
488,2
1843,1
1734,3
2911,4
3219,2
146,3
5630,3
1986,1
1369,6
6546,6
6051,5
2811,1
659,3
1794,4
2511,3
3397,3
4282,6
1147,2
3272,5
608,6
6287,4
6895,1
3582,2
1930,4
197,5
2931,4
2327,1
4389,5
766,6
4496,3
4218,5
3255,5
202,4
3510,6
4931,4
6390,1
5535,4
1733,3
5791,1
2777,6
1707,1
5172,1
5249,2
5757,6
3474,4
6528,6
5855,3
854,5
5685,5
6363,6
4737,4
4097,6
2160,1
698,5
7274,1
2999,3
3696,6
1636,5
3457,5
3581,2
1291,2
4659,3
6585,3
5616,1
1853,1
5232,3
3763,3
3304,4
7226,4
5727,4
3743,1
3445,5
1998,1
663,2
4779,6
5353,6
3748,1
4413,4
4744,4
5530,4
5575,6
709,5
1282,3
5864,2
5068,5
2675,3
6776,2
4029,4
1306,2
5496,5
5504,5
2237,5
3302,4
5592,1
2038,2
1529,6
1663,4
5450,2
7257,6
7284,1
3627,5
5739,4
5147,6
4891,5
2693,2
3060,5
1597,3
6700,6
2729,5
2625,6
5915,4
3157,6
3314,6
1722,3
5279,5
6668,4
1059,6
4636,1
3242,5
1678,6
6892,6
6374,1
6628,5
1757,5
6019,3
4191,5
5116,4
563,4
2790,6
863,5
1484,5
7035,6
5977,1
5134,4
206,4
4488,1
6938,3
870,5
4493,1
6910,1
502,2
1028,4
3840,4
2690,2
5581,6
6756,3
5056,2
1570,1
2773,6
5991,1
2731,4
6242,2
804,3
5847,2
3645,5
2454,6
4598,6
3104,4
7073,1
4875,2
5959,6
200,5
6278,5
3099,4
6184,1
7161,2
2278,6
3561,3
5892,5
4474,1
6432,2
4514,2
5794,1
391,4
6736,1
5618,1
5258,2
1495,5
2695,2
2027,3
5248,2
5463,2
2568,5
64,6
3884,6
2062,5
5276,5
7208,4
492,2
379,4
6331,6
4859,2
6360,6
3993,5
4887,5
1076,6
878,4
337,3
6863,4
6439,2
1016,5
1275,3
3798,5
4551,5
3342,6
4911,5
6413,2
995,5
1981,1
4297,6
161,2
5675,5
6873,6
6545,6
4798,1
1500,5
3843,4
5225,3
2613,6
3461,5
1021,4
3073,5
3943,2
1585,3
1955,6
3152,6
6349,6
34,4
4014,4
775,1
2556,5
1478,5
7099,3
5486,5
6235,2
1363,4
7041,6
2612,6
2824,1
2041,2
241,6
2061,5
2363,2
600,6
2435,4
5393,1
6310,4
2888,5
6164,6
646,3
3890,6
3556,1
3202,3
1528,6
6975,5
1267,3
1899,2
4658,3
3005,3
2734,4
7101,3
189,5
1806,4
975,2
2747,4
2047,2
2558,5
1082,1
474,3
2904,5
4843,2
6396,1
4117,1
3385,3
4555,5
1184,4
6420,3
5051,2
5311,4
2433,4
6949,2
5611,1
2391,5
769,1
1685,6
130,3
2919,4
3171,1
3444,5
6231,2
5578,6
4426,4
5334,4
466,3
6265,5
5734,4
3092,4
3772,2
5191,1
5226,3
5390,1
860,5
7270,1
